Name,Age,Department,Salary,Joining Date
Alice,25,HR,50000,2020-01-15
Bob,30,Engineering,70000,2018-03-22
Charlie,35,Marketing,60000,2019-07-10
David,40,Finance,80000,2017-11-30
Eve,28,HR,52000,2021-06-18
Frank,32,Engineering,75000,2020-09-01
Grace,27,Marketing,55000,2021-03-15
Hannah,38,Finance,85000,2016-02-10
Ivy,29,HR,53000,2022-05-20
Jack,33,Engineering,78000,2019-12-01
Liam,26,Marketing,62000,2020-07-25
Mona,31,Finance,77000,2018-11-05
Nina,34,Engineering,71000,2017-08-14
Oscar,36,HR,59000,2015-09-18
Penny,30,Marketing,58000,2021-01-11
Quinn,28,Finance,83000,2022-10-30
Rita,40,Engineering,80000,2014-04-09
Steve,27,HR,51000,2021-12-02
Tina,32,Marketing,60000,2019-02-18
Uma,37,Engineering,72000,2016-06-25
Victor,33,HR,55000,2021-05-09
Wendy,29,Finance,86000,2020-12-18
Xander,31,Marketing,59000,2022-08-15
Yara,34,Engineering,78000,2019-11-10
Zane,25,HR,54000,2021-07-22
Adrian,29,Marketing,58000,2022-04-14
Bella,30,Finance,81000,2021-01-10
Chris,26,HR,57000,2020-08-13
Diana,32,Engineering,73000,2018-12-03
Ethan,28,Marketing,60000,2021-09-21
Fiona,35,Finance,82000,2017-10-06
George,33,Engineering,75000,2020-06-12
Helen,30,HR,52000,2019-05-05
Ian,27,Marketing,59000,2022-07-19
Jackie,38,Finance,88000,2016-01-13
Kyle,25,Engineering,68000,2021-03-22
Laura,34,HR,53000,2018-09-14
Michael,29,Marketing,61000,2020-02-25
Nora,33,Finance,80000,2019-04-07
Owen,36,Engineering,76000,2017-01-11
Paul,32,HR,54000,2021-10-01
Quincy,27,Marketing,59000,2022-06-18
Rachelle,34,Finance,87000,2020-11-17
Sam,28,HR,51000,2021-04-23
Terry,33,Engineering,74000,2019-09-04
Ursula,29,Finance,83000,2018-05-19
Vera,30,Marketing,58000,2021-12-10
Will,35,HR,55000,2020-10-08
Xena,37,Engineering,78000,2016-08-02
Yvonne,28,Finance,81000,2022-01-25
Zoe,31,Marketing,62000,2020-12-07
Aaron,29,HR,54000,2021-02-02
Bridget,34,Engineering,77000,2017-07-15
Carl,33,Finance,86000,2019-03-27
Diana,32,Marketing,59000,2021-05-10
Eli,36,HR,58000,2015-04-12
Floyd,30,Engineering,74000,2019-08-09
Gina,28,Finance,83000,2021-11-21
Holly,33,Marketing,62000,2020-03-29
Isaac,37,Engineering,78000,2018-01-30
Jack,29,HR,55000,2021-05-18
Kara,26,Finance,82000,2022-09-12
Louis,30,Marketing,60000,2021-06-10
Maggie,34,HR,57000,2022-04-01
Nash,28,Engineering,73000,2020-11-15
Olivia,33,Finance,85000,2019-06-21
Parker,31,Marketing,59000,2020-05-14
Quinn,37,HR,54000,2016-03-12
Riley,30,Engineering,71000,2020-04-29
Shannon,28,Finance,80000,2022-02-16
Tony,35,HR,52000,2017-12-18
Ulysses,33,Marketing,61000,2019-10-02
Veronica,29,Finance,83000,2021-06-30
Willow,31,HR,55000,2020-07-11
Xander,28,Engineering,72000,2021-03-28
Yasmine,34,Marketing,60000,2022-05-12
Zara,36,Finance,87000,2019-11-22
Aiden,32,HR,57000,2020-05-21
Briana,28,Engineering,68000,2021-04-07
Colin,33,Finance,85000,2020-12-30
Devin,30,Marketing,59000,2021-09-11
Elaine,34,HR,51000,2018-04-16
Freddie,33,Engineering,73000,2019-07-13
Gabriel,27,Finance,82000,2022-03-10
Hailey,31,Marketing,60000,2021-02-12
Ian,35,HR,54000,2017-05-30
Jill,32,Engineering,75000,2020-09-18
Kenny,29,Finance,80000,2021-05-05
Lena,36,Marketing,58000,2019-01-15
Mason,28,HR,51000,2022-10-21
Nina,30,Engineering,71000,2021-11-28
Oscar,33,Finance,86000,2020-10-03
Paula,31,Marketing,59000,2021-01-18
Quincy,28,HR,54000,2021-06-09
Ryan,35,Engineering,78000,2017-02-20
Samantha,29,Finance,83000,2022-01-13
Toby,34,Marketing,60000,2020-11-06
Uriah,33,HR,57000,2022-07-07
Vicky,28,Engineering,73000,2021-08-24
Willis,31,Finance,82000,2020-12-11
Xena,32,Marketing,62000,2019-05-03
Yara,34,HR,59000,2021-09-28
Zane,30,Engineering,71000,2022-08-17
